day,source,title_clean,sentiment_label,score_std,strength,url,news_signal
2026-01-05,El Comercio (Perú),¿Por qué Lima sigue siendo de las peores ciudades para moverse? Los planes del 2026 para mejorar el transporte en la capital,neg,-0.9663026004564017,-0.9366515978443856,https://elcomercio.pe/lima/transporte/por-que-lima-sigue-siendo-de-las-peores-ciudades-para-moverse-los-planes-del-2026-para-mejorar-el-transporte-en-la-capital-noticia/,down
2026-01-05,El Comercio (Perú),"Perú declarado en rebeldía por no pagar laudo de US$ 91 millones por caso Chinchero, ¿cuáles serán las consecuencias para el país?",neg,-0.9371756091713905,-0.8824853545582454,https://elcomercio.pe/economia/peru/peru-declarado-en-rebeldia-por-no-pagar-laudo-de-us-91-millones-por-caso-chinchero-cuales-seran-las-consecuencias-para-el-pais-ciadi-kuntur-wasi-chinchero-noticia/,down
2026-01-05,CNBC – Economy,"Bessent says U.S. will finish the year with 3% GDP growth, sees 'very strong' holiday season",neg,-0.9337967466562986,-0.889424578927795,https://www.cnbc.com/2025/12/07/bessent-gdp-growth.html,down
2026-01-05,Gestión (Perú),Ernesto Álvarez: “No estamos conduciendo a Petroperú a una privatización”,neg,-0.9256842792965472,-0.8617773536012959,https://gestion.pe/peru/politica/ernesto-alvarez-descarta-privatizacion-de-petroperu-y-asegura-que-hoy-no-atrae-inversion-privada-noticia/,down
2026-01-05,Gestión (Perú),Feedback para iniciar el año: Así manejan las conversaciones ‘difíciles’ los líderes de equipo,neg,-0.917046447750181,-0.8448459715420054,https://gestion.pe/g-de-gestion/lifestyle/feedback-anual-las-conversaciones-dificiles-asi-lo-manejan-los-ejecutivos-peruanos-noticia/,down
2026-01-05,Gestión (Perú),“Preocupante y condenable”: las primeras reacciones a los ataques de EE.UU. contra Venezuela,neg,-0.9040920305997133,-0.8295546790140178,https://gestion.pe/mundo/internacional/primeras-reacciones-a-los-ataques-de-eeuu-contra-venezuela-y-captura-de-maduro-noticia/,down
2026-01-05,El Comercio (Perú),"Buenas intenciones, propuestas peligrosas",neg,-0.9040373638272285,-0.8244881652268417,https://elcomercio.pe/economia/dia-1/buenas-intenciones-propuestas-peligrosas-por-arturo-vasquez-cordano-sistema-electrico-medidores-inteligentes-noticia/,down
2026-01-05,CNBC – Economy,Fed won't get key inflation data before next rate decision as BLS cancels October CPI release,neg,-0.8868141118437052,-0.7942026693632469,https://www.cnbc.com/2025/11/21/fed-wont-get-key-inflation-data-before-next-rate-decision-as-bls-cancels-october-cpi-release.html,down
2026-01-05,Gestión (Perú),Así recibe el 2026 la economía de EE.UU. con Donald Trump al mando,neg,-0.88185522146523,-0.7853856968146293,https://gestion.pe/mundo/eeuu/asi-recibe-el-2026-la-economia-de-eeuu-con-donald-trump-al-mando-noticia/,down
2026-01-05,El Comercio (Perú),"Resumen 2025: la victoria de “Chavín de Huántar”, el desgaste del modelo Tondero y más sobre un año complejo para el cine",neg,-0.8213244751095772,-0.6907536781280377,https://elcomercio.pe/luces/resumen-2025-la-victoria-de-chavin-de-huantar-el-desgaste-del-modelo-tondero-y-mas-sobre-un-ano-complejo-para-el-cine-ano-2025-nanito-noticia/,down
2026-01-05,El Comercio (Perú),Defensoría del Pueblo rechaza declaraciones del Premier por caso Petro-Perú: “Dichas expresiones resultan alejadas de la verdad”,neg,-0.8120619961991906,-0.6717148819600182,https://elcomercio.pe/economia/peru/defensoria-del-pueblo-rechaza-declaraciones-del-premier-por-caso-petro-peru-dichas-expresiones-resultan-alejadas-de-la-verdad-l-ultimas-noticia/,down
2026-01-05,El Comercio (Perú),Donald Trump anuncia que EE. UU. reparará la industria petrolera de Venezuela,neg,-0.7799393516033888,-0.6245159944614405,https://elcomercio.pe/economia/mundo/donald-trump-anuncia-que-ee-uu-reparara-la-industria-petrolera-de-venezuela-nicolas-maduro-noticia/,down
2026-01-05,Gestión (Perú),Caso Petroperú: Defensor del Pueblo dice que un Gobierno de transición no puede reformarla,neg,-0.7658916208893061,-0.5974990238150847,https://gestion.pe/peru/caso-petroperu-defensor-del-pueblo-dice-que-un-gobierno-de-transicion-no-puede-reformarla-noticia/,down
2026-01-05,El Comercio (Perú),Inseguridad y crédito: zonas con alta criminalidad registran mayor morosidad y menor acceso al financiamiento,neg,-0.7598140444606543,-0.5922746458579852,https://elcomercio.pe/economia/inseguridad-y-credito-zonas-con-alta-criminalidad-registran-mayor-morosidad-y-menor-acceso-al-financiamiento-noticia/,down
2026-01-05,El Comercio (Perú),Panamericana sur: Denunciaremos a más de 300 invasores de las bermas captados por El Comercio y sus lectores,neg,-0.7536340970546007,-0.5811025795365243,https://elcomercio.pe/lima/panamericana-sur-denunciaremos-a-mas-de-300-invasores-de-las-bermas-captados-por-el-comercio-y-sus-lectores-berma-de-la-panamericana-sur-notepases-sutran-noticia/,down
2026-01-05,El Comercio (Perú),Choque de trenes en Cusco: se revelan presuntas negligencias y la teoría principal que provocó la tragedia,neg,-0.7498141471296549,-0.5764091318290199,https://elcomercio.pe/peru/cusco/choque-de-trenes-en-cusco-se-revelan-presuntas-negligencias-y-la-teoria-principal-que-provoco-la-tragedia-noticia/,down
2026-01-05,Gestión (Perú),Recibos de agua en Lima y Callao sufrirían alza este año: Sedapal explica los dos motivos,neg,-0.7393082417547703,-0.553276631598868,https://gestion.pe/economia/recibo-de-agua-en-lima-y-callao-sufriria-alza-este-ano-sedapal-explica-los-dos-motivos-para-ajustes-en-tarifa-noticia/,down
2026-01-05,Gestión (Perú),Choque fatal de trenes en Machu Picchu desata cruce entre LVMH y Carlyle,neg,-0.7147480417042971,-0.5216977499826538,https://gestion.pe/mundo/internacional/choque-fatal-en-tren-a-machu-picchu-desata-cruce-entre-lvmh-y-carlyle-noticia/,down
2026-01-05,Gestión (Perú),"Tercer lote más importante, de Petroperú, se queda atrás: las preocupaciones",neg,-0.7027655895799398,-0.5074376823545258,https://gestion.pe/economia/petroleo-en-peru-tercer-lote-mas-importante-de-petroperu-se-queda-atras-noticia/,down
2026-01-05,El Comercio (Perú),Junín: Padre e hijo mueren luego que camioneta se despistara y cayera al río Mantaro,neg,-0.695570819079876,-0.5031824373694982,https://elcomercio.pe/peru/junin/junin-padre-e-hijo-mueren-luego-que-camioneta-se-despistara-y-cayera-al-rio-mantaro-ultimas-noticia/,down
2026-01-05,El Comercio (Perú),Premier sobre Petro-Perú: “La decisión política del gobierno es no despedir obreros (…) pero sí poner el ojo en los altos funcionarios”,neg,-0.6818645894527435,-0.4790023455115229,https://elcomercio.pe/economia/premier-sobre-petro-peru-la-decision-politica-del-gobierno-es-no-despedir-obreros-pero-si-poner-el-ojo-en-los-altos-funcionarios-noticia/,down
2026-01-05,Gestión (Perú),"Más de S/ 10,500 millones que debían ir a obras en “el olvido”, ¿quiénes sí gastaron?",neg,-0.6700897682458162,-0.4660664962794331,https://gestion.pe/economia/inversion-publica-en-2025-mas-de-s-10500-millones-no-se-gastaron-que-rubros-destacaron-noticia/,down
2026-01-05,El Comercio (Perú),¿Qué aclaración hizo MINEDU con respecto a los pagos de la Beca Permanencia 2026 de Pronabec?,neg,-0.667512227781117,-0.4536406736654153,https://elcomercio.pe/respuestas/tramites/que-aclaracion-hizo-minedu-con-respecto-a-los-pagos-de-la-beca-permanencia-2026-de-pronabec-tdpe-noticia/,down
2026-01-05,El Comercio (Perú),Inmigración venezolana en Perú: cifras y medidas tras la captura de Nicolás Maduro por EE.UU.,neg,-0.6333076376467943,-0.4191290513188648,https://elcomercio.pe/ecdata/nicolas-maduro-donald-trump-estados-unidos-venezuela-maria-corina-machado-inmigracion-venezolana-petroleo-america-latina-crisis-migratoria-peru-tlc-audio-noticia/,down
2026-01-05,Gestión (Perú),¿Te pueden “invitar” a renunciar? La frontera entre la advertencia y la intimidación,neg,-0.6172553189098835,-0.3879477178625945,https://gestion.pe/economia/despidos-y-renuncias-te-pueden-invitar-a-renunciar-la-frontera-entre-la-advertencia-y-la-intimidacion-noticia/,down
2026-01-05,El Comercio (Perú),San Juan de Miraflores: madre e hija resultan heridas en ataque armado a chofer,neg,-0.6070937626063824,-0.39848637365811324,https://elcomercio.pe/videos/pais/san-juan-de-miraflores-madre-e-hija-resultan-heridas-en-ataque-armado-a-chofer-nnav-amtv-video-noticia/,down
2026-01-05,El Comercio (Perú),Tren Lima-Chosica: los 49 cruces que representan un peligro y que podrían demorar la circulación de los coches,neg,-0.6031490843743086,-0.3795411181323728,https://elcomercio.pe/lima/sucesos/lima-chosica-los-49-cruces-que-representan-un-peligro-y-que-podrian-demorar-la-circulacion-de-los-coches-noticia/,down
2026-01-05,El Comercio (Perú),Una transición llena de dudas: ¿qué escenarios se abren para Venezuela tras el ataque de EE.UU.?,neg,-0.5942290872335434,-0.37060167529210997,https://elcomercio.pe/mundo/venezuela/una-transicion-llena-de-dudas-que-escenarios-se-abren-para-venezuela-tras-el-ataque-de-eeuu-noticia/,down
2026-01-05,Gestión (Perú),Donald Trump confirma ataque a Venezuela y captura de Nicolás Maduro,neg,-0.587721411138773,-0.36606974301945483,https://gestion.pe/mix/usa/eeuu-donald-trump-confirma-ataque-a-venezuela-y-captura-de-nicolas-maduro-nnda-nnrt-noticia/,down
2026-01-05,Gestión (Perú),Proponen censurar a titular del MEF por reorganización de Petroperú,neg,-0.5822405144572258,-0.3553743229058508,https://gestion.pe/peru/politica/congreso-buscan-censurar-a-titular-del-mef-por-reorganizacion-de-petroperu-noticia/,down
2026-01-05,Gestión (Perú),"Miralles: “Reorganización de Petroperú no es una decisión ideológica, sino empresarial”",neg,-0.5686117522418499,-0.3434869655600581,https://gestion.pe/economia/denisse-miralles-reorganizacion-de-petroperu-no-es-una-decision-ideologica-sino-empresarial-noticia/,down
2026-01-05,El Comercio (Perú),"Wall Street abre en verde: Chevron, Exxon y otras petroleras estadounidenses en auge impulsadas por el plan de Trump en Venezuela",neg,-0.5480910800397396,-0.3207836444298109,https://elcomercio.pe/economia/mercados/wall-street-abre-en-verde-con-petroleras-estadounidenses-en-auge-chevron-exxon-y-conoco-se-disparan-l-wall-street-l-ultimas-noticia/,down
2026-01-05,Gestión (Perú),"Petroperú se “dividirá”: lo que pasaría con su edificio, la refinería de Talara y más",neg,-0.547274530865252,-0.3079995113341613,https://gestion.pe/economia/petroperu-se-dividira-en-bloques-lo-que-pasaria-con-su-edificio-y-la-refineria-de-talara-segun-proinversion-noticia/,down
2026-01-05,El Comercio (Perú),"Daniela Ibáñez: “[El principal riesgo] es el populismo económico, que esta vez es propio de la izquierda y de la derecha”",neg,-0.5432211197912693,-0.311365175909984,https://elcomercio.pe/politica/elecciones-2026-daniela-ibanez-el-principal-riesgo-es-el-populismo-que-esta-vez-es-propio-de-la-izquierda-y-de-la-derecha-tlc-nota-noticia/,down
2026-01-05,El Comercio (Perú),Así fue la operación para capturar y sacar a Maduro de Venezuela en la que se usaron 150 aeronaves,neg,-0.5129259116947651,-0.2844380157637527,https://elcomercio.pe/mundo/venezuela/nicolas-maduro-como-fue-fue-la-operacion-de-la-fuerzas-delta-de-estados-unidos-para-capturar-al-presidente-de-venezuela-y-sacarlo-del-pais-donald-trump-noticia/,down
2026-01-05,América Economía,Banco Central de Brasil teme que la guerra arancelaria impacte en la estabilidad financiera del país,neg,-0.47222399339079857,-0.23786387815014343,http://www.americaeconomia.com/economia-y-mercados/banco-central-de-brasil-teme-que-la-guerra-arancelaria-impacte-en-la,down
2026-01-05,El Comercio (Perú),‘Nicolasito’ y los hermanos Gavidia: Estos son los herederos de Nicolás Maduro y sus polémicos roles en Venezuela,neg,-0.466726578772068,-0.2331568857818127,https://elcomercio.pe/mag/usa/local-us/nicolasito-y-los-hermanos-gavidia-estos-son-los-herederos-de-nicolas-maduro-y-sus-polemicos-roles-en-venezuela-nnda-nnrt-noticia/,down
2026-01-05,El Comercio (Perú),Enviar dinero desde EE. UU. ahora es más caro: el nuevo impuesto a las remesas y cómo evitarlo,neu,-0.4520426271483302,-0.23527865125122643,https://elcomercio.pe/mag/usa/local-us/enviar-dinero-desde-ee-uu-ahora-es-mas-caro-el-nuevo-impuesto-a-las-remesas-y-como-evitarlo-nnda-nnrt-noticia/,down
2026-01-05,Gestión (Perú),"El no tan feliz año nuevo de Perú, según The Economist",neg,-0.4359477683901787,-0.21088545227026256,https://gestion.pe/g-de-gestion/el-no-tan-feliz-ano-nuevo-de-peru-segun-the-economist-noticia/,down
2026-01-05,Gestión (Perú),"▷ EE.UU. ataca Venezuela EN VIVO, Cayó Nicolás Maduro HOY — Últimas noticias de la captura tras bombardeos en Caracas",neg,-0.4049741178750992,-0.19266588110763427,https://gestion.pe/mix/usa/eeuu-bombardea-venezuela-en-vivo-hoy-3-de-enero-2026-ultima-hora-sobre-las-explosiones-en-caracas-en-directo-donald-trump-nicolas-maduro-nnda-nnrt-noticia/,down
2026-01-05,El Comercio (Perú),Los cargos contra Nicolás Maduro en Nueva York: ¿de qué se le acusa y cuántos años de prisión podría enfrentar?,neu,-0.3943748064339161,-0.2144020638313875,https://elcomercio.pe/mundo/venezuela/los-cargos-contra-nicolas-maduro-en-nueva-york-de-que-se-le-acusa-y-cuantos-anos-de-prision-podria-enfrentar-noticia/,down
2026-01-05,El Comercio (Perú),Nintendo le gana a empresa peruana por peluche de Pokémon: negocio será multado con S/202.000,neu,-0.3462311141192913,-0.19124692102549146,https://elcomercio.pe/economia/peru/nintendo-le-gana-a-empresa-peruana-por-peluche-de-pokemon-negocio-sera-multado-con-s202000-l-pokemon-l-ultimas-noticia/,down
2026-01-05,El Comercio (Perú),Informe enviado a PCM responsabiliza a Inca Rail del choque de trenes en Machu Picchu,neu,-0.34185734018683434,-0.19370471129449118,https://elcomercio.pe/peru/cusco/informe-enviado-a-pcm-responsabiliza-a-inca-rail-del-choque-de-trenes-en-machu-picchu-noticia/,down
2026-01-05,El Comercio (Perú),Bolsas asiáticas operan en alza tras ataque de Estados Unidos contra Venezuela,neu,-0.30688364058732986,-0.16640036713803097,https://elcomercio.pe/economia/mercados/bolsas-asiaticas-operan-en-alza-tras-ataque-de-estados-unidos-contra-venezuela-l-bolsas-asiaticas-l-ultimas-noticia/,down
2026-01-05,CNBC – Economy,'Appetizer economy': Food inflation is on restaurant table as diners go smaller with menu choices,neg,-0.3057749718427658,-0.15049207596038183,https://www.cnbc.com/2025/12/12/food-inflation-affordability-economy-consumer-spending.html,down
2026-01-05,Gestión (Perú),Trump confirma que Maduro fue “capturado y sacado” de Venezuela,neu,-0.30449914932250977,-0.15186477668795817,https://gestion.pe/mundo/internacional/trump-confirma-que-maduro-fue-capturado-y-sacado-de-venezuela-noticia/,down
2026-01-05,Gestión (Perú),Retiro del medidor de agua: en qué casos procede y qué exige la norma,neu,-0.3041347302496433,-0.19871536170077753,https://gestion.pe/peru/retiro-del-medidor-de-agua-en-que-casos-procede-y-que-exige-la-norma-noticia/,down
2026-01-05,Gestión (Perú),Presidente de Panamá da por superada la crisis con EE.UU. por el canal,neu,-0.2959649823606014,-0.17432476428895893,https://gestion.pe/mundo/internacional/presidente-de-panama-da-por-superada-la-crisis-con-eeuu-por-el-canal-noticia/,down
2026-01-05,El Comercio (Perú),Bonos de Venezuela suben más del 20% impulsados por la captura de Nicolás Maduro,neu,-0.2915547266602516,-0.1566341397490012,https://elcomercio.pe/economia/bonos-de-venezuela-suben-mas-del-20-impulsados-por-la-captura-de-nicolas-maduro-l-ultimas-noticia/,down
2026-01-05,Gestión (Perú),FBI frustra presunto ataque terrorista asociado al Estado Islámico en Carolina del Norte,neu,-0.2903578355908394,-0.16422084727742403,https://gestion.pe/mundo/internacional/fbi-frustra-presunto-ataque-terrorista-asociado-al-estado-islamico-en-carolina-del-norte-noticia/,down
2026-01-05,El Comercio (Perú),"Terrorismo biológico y dilemas éticos: así es “El Incidente Darwin”, el nuevo anime que llega a Amazon Prime Video",neu,-0.2595374584197998,-0.14723871517736598,https://elcomercio.pe/mag/fama/que-ver/el-incidente-darwin-de-que-trata-y-fecha-de-estreno-guia-completa-del-anime-de-amazon-prime-video-the-darwin-incident-nnda-nnlt-noticia/,down
2026-01-05,Gestión (Perú),Apostar a que Jesús no volvería en 2025 fue más rentable que los bonos del Tesoro,neu,-0.243663027882576,-0.10921285226236543,https://gestion.pe/mundo/internacional/apostar-a-que-jesus-no-volveria-en-2025-fue-mas-rentable-que-los-bonos-del-tesoro-noticia/,down
2026-01-05,El Comercio (Perú),¿Por qué Fluminense rechazó la primera oferta del Bologna por Freytes y por qué Alianza tendrá un ingreso millonario si se da el fichaje?,neu,-0.2394762672483921,-0.16713579614034102,https://elcomercio.pe/deporte-total/futbol-peruano/alianza-lima-por-que-fluminense-rechazo-la-primera-oferta-del-bologna-por-juan-pablo-freytes-y-por-que-alianza-tendra-un-ingreso-millonario-si-se-da-el-fichaje-tlcnota-noticia/,down
2026-01-05,El Comercio (Perú),¿Adiós al ‘smartphone’? La promesa del dispositivo IA que lo reemplazará y hará todo por nosotros,neu,-0.2109621912240982,-0.10893421942397286,https://elcomercio.pe/tecnologia/gadgets/adios-al-smartphone-la-promesa-del-dispositivo-ia-que-lo-reemplazara-y-hara-todo-por-nosotros-noticia/,down
2026-01-05,El Comercio (Perú),"La UIT sube a S/ 5.500 este 2026: ¿Cómo impactará en nuestros impuestos, multas y en los retiros de las AFP?",neu,-0.19362646341323853,-0.13150140978338953,https://elcomercio.pe/economia/peru/uit-2026-sube-a-s-5500-como-impactara-el-nuevo-valor-en-impuestos-multas-y-retiros-de-las-afp-mef-noticia/,down
2026-01-05,El Comercio (Perú),Las elecciones legislativas: el verdadero reto de Donald Trump para el 2026,neu,-0.18423659354448318,-0.1263302414127776,https://elcomercio.pe/mundo/eeuu/las-elecciones-legislativas-el-verdadero-reto-de-donald-trump-para-el-2026-noticia/,down
2026-01-05,El Comercio (Perú),"EE.UU., Venezuela y el petróleo",neu,-0.18323921412229538,-0.12984274729625334,https://elcomercio.pe/economia/maduro-eeuu-venezuela-y-el-petroleo-noticia/,down
2026-01-05,El Comercio (Perú),La primera impresión que dejó Antoni y el “los entrenamientos están muy exigentes” de Ramos: Lo que no se vio del día 2 de Alianza en la Videna,neu,-0.17601177468895912,-0.12829291852279123,https://elcomercio.pe/deporte-total/futbol-peruano/alianza-lima-la-primera-impresion-que-dejo-mateo-antoni-y-el-los-entrenamientos-estan-muy-exigentes-de-luis-ramos-lo-que-no-se-vio-del-dia-2-de-alianza-en-la-videna-tlcnota-noticia/,down
2026-01-05,El Comercio (Perú),¿El precio del dólar continuará a la baja este 2026? Esto señalan los expertos,neu,-0.16888900101184845,-0.12176070773404035,https://elcomercio.pe/economia/peru/continuara-la-ola-bajista-del-dolar-este-2026-esto-senalan-los-expertos-bbva-renta4-sab-precio-del-dolar-hoy-noticia/,down
2026-01-05,El Comercio (Perú),¿Cómo se movió el precio del petróleo y del oro tras la captura de Nicolás Maduro?,neu,-0.16883430629968643,-0.11863206109717606,https://elcomercio.pe/economia/mercados/como-se-movio-el-precio-del-petroleo-y-del-oro-tras-la-captura-de-nicolas-maduro-l-ultimas-noticia/,down
2026-01-05,El Comercio (Perú),"Tras la caída de Maduro, Estados Unidos define su jugada: ¿Delcy Rodríguez al poder o transición en Venezuela?",neu,-0.1431218832731247,-0.10053105850117205,https://elcomercio.pe/mundo/venezuela/delcy-rodriguez-o-gobierno-de-transicion-a-que-apunta-estados-unidos-en-venezuela-tras-el-derrocamiento-de-nicolas-maduro-donald-trump-tlcnota-noticia/,neutral
2026-01-05,Gestión (Perú),Drawback sufrirá cambio: el ajuste que aprobó Sunat para exportadores,neu,-0.1257917582988739,-0.10034017773169523,https://gestion.pe/economia/drawback-sufrira-cambio-el-ajuste-que-aprobo-sunat-para-exportadores-noticia/,neutral
2026-01-05,Gestión (Perú),Francia endurece las condiciones para personas que buscan la residencia: ¿qué se exigirá?,neu,-0.12281602993607521,-0.09560556901130157,https://gestion.pe/mundo/francia-endurece-las-condiciones-para-personas-que-buscan-la-residencia-que-se-exigira-noticia/,neutral
2026-01-05,El Comercio (Perú),Así vas a votar. Una crónica de Fernando Vivas sobre las dificultades del elector peruano para el 2026,neu,-0.11266098916530609,-0.08188224471573946,https://elcomercio.pe/politica/elecciones/elecciones-2026-asi-vas-a-votar-una-cronica-de-fernando-vivas-sobre-las-dificultades-del-elector-peruano-para-el-2026-noticia/,neutral
2026-01-05,El Comercio (Perú),"Temblor en México hoy, 05 de enero 2026: hora exacta, magnitud, cuándo y dónde fue el epicentro del último sismo",neu,-0.11099639534950256,-0.07646533668799549,https://elcomercio.pe/mag/respuestas/mx/temblor-en-mexico-en-vivo-hoy-05-de-enero-2026-hora-exacta-magnitud-cuando-y-donde-fue-el-epicentro-ultimo-sismo-servicio-sismologico-cdmx-nnda-nnrt-noticia/,neutral
2026-01-05,El Comercio (Perú),"El abogado de Maduro es Barry Pollack, que asistió a Assange en el caso ‘Wikileaks’",neu,-0.1029493510723114,-0.07524201628166693,https://elcomercio.pe/mundo/eeuu/el-abogado-de-nicolas-maduro-es-barry-pollack-que-asistio-a-assange-en-el-caso-wikileaks-venezuela-estados-unidos-donald-trump-ultimas-noticia/,neutral
2026-01-05,Gestión (Perú),"Temblor en México hoy, 02 de enero 2026: hora exacta, magnitud y dónde fue el epicentro del último sismo",neu,-0.09498670697212219,-0.06704761316820296,https://gestion.pe/mix/respuestas/temblor-en-mexico-hoy-02-de-enero-2026-hora-exacta-magnitud-y-donde-fue-el-epicentro-del-ultimo-sismo-servicio-sismologico-nacional-cdmx-nnda-nnrt-noticia/,neutral
2026-01-05,Gestión (Perú),"Temblor en México hoy, 03 de enero 2026: hora exacta, magnitud y dónde fue el epicentro del último sismo",neu,-0.09492004662752151,-0.06697646404886326,https://gestion.pe/mix/respuestas/temblor-en-mexico-en-vivo-hoy-03-de-enero-2026-hora-exacta-magnitud-y-donde-fue-el-epicentro-ultimo-sismo-servicio-sismologico-nacional-cdmx-nnda-nnrt-noticia/,neutral
2026-01-05,El Comercio (Perú),"Temblor en México HOY, lunes 5 de enero: hora exacta, epicentro y magnitud de los últimos sismos vía el SSN",neu,-0.0887339636683464,-0.0665756058719964,https://elcomercio.pe/respuestas/mexico/temblor-en-mexico-hoy-en-vivo-y-ultimos-sismos-del-5-y-6-de-enero-de-2026-cual-es-el-epicentro-magnitud-y-hora-servicio-sismologico-nacional-mexico-san-marcos-cdmx-mx-lbposting-noticia/,neutral
2026-01-05,El Comercio (Perú),"Sedapal: Recibos de agua en Lima y Callao sufrirían alza este 2026, conoce cuáles serán los nuevos montos",neu,-0.08433066308498383,-0.06897313468324118,https://elcomercio.pe/economia/peru/recibos-de-agua-en-lima-y-callao-sufririan-alza-este-2026-conoce-cuales-seran-los-nuevos-montos-l-ultimas-noticia/,neutral
2026-01-05,El Comercio (Perú),Las frases de Nicolás Maduro frente a la justicia de EE.UU.: “sigo siendo presidente”,neu,-0.0802295058965683,-0.050641305317783214,https://elcomercio.pe/mag/usa/local-us/nicolas-maduro-frases-ante-la-justicia-de-estados-unidos-nnda-nnrt-noticia/,neutral
2026-01-05,El Comercio (Perú),Regiones dejaron de gastar más de S/ 1.200 millones en 2025 en proyectos de inversión: ¿qué regiones son y cuáles sí ejecutaron su 100%?,neu,-0.05927182734012604,-0.04288772881513747,https://elcomercio.pe/economia/regiones-dejaron-de-gastar-mas-de-s-1200-millones-en-2025-en-proyectos-de-inversion-que-regiones-son-y-cuales-si-ejecutaron-su-100-ranking-presupuestal-la-libertad-arequipa-junin-noticia/,neutral
2026-01-05,El Comercio (Perú),Retiro de AFP: ¿qué efectos podría tener el incremento de la UIT en las solicitudes que se realicen este 2026?,neu,-0.04829147458076477,-0.041053358782386695,https://elcomercio.pe/economia/retiro-afp-el-efecto-que-tendria-el-incremento-de-la-uit-2026-en-las-solicitudes-del-proximo-ano-noticia/,neutral
2026-01-05,El Comercio (Perú),¡Sorprendente! Héctor Fértoli no se guarda nada y se refirió a la llegada de Federico Girotti a Alianza Lima: “Viene a...”,neu,-0.045077934861183167,-0.03299882134129284,https://elcomercio.pe/respuestas/deportes/sorprendente-hector-fertoli-no-se-guarda-nada-y-se-refirio-a-la-llegada-de-federico-girotti-a-alianza-lima-viene-a-tdpe-noticia/,neutral
2026-01-05,América Economía,Cámara de Minería de Ecuador responde a la ministra de Energía sobre la aplicación de la tasa minera,neu,-0.03740309178829193,-0.030197646242198672,http://www.americaeconomia.com/negocios-e-industrias/camara-de-mineria-de-ecuador-responde-la-ministra-de-energia-sobre-la,neutral
2026-01-05,Gestión (Perú),"Temblor en EE.UU. EN VIVO hoy, 03 de enero 2026: hora exacta, magnitud y dónde fue el epicentro del último sismo",neu,-0.03421511501073837,-0.02800420633560785,https://gestion.pe/mix/usa/temblor-en-eeuu-en-vivo-hoy-03-de-enero-2026-hora-exacta-magnitud-y-donde-fue-el-epicentro-del-ultimo-sismo-usgs-california-usa-nnda-nnrt-noticia/,neutral
2026-01-05,El Comercio (Perú),"Precio del Dólar en México hoy, lunes 05 enero de 2026: a cuánto abrió el USD en MXN (Pesos mexicanos)",neu,-0.027320295572280884,-0.022291616736021425,https://elcomercio.pe/mag/respuestas/mx/precio-del-dolar-en-mexico-hoy-05-enero-2026-cuanto-esta-el-usd-en-mxn-nnda-nnrt-noticia/,neutral
2026-01-05,Gestión (Perú),Mercados e indicadores – Hoy viernes 2 de enero,neu,-0.02708069235086441,-0.021736630175809957,https://gestion.pe/economia/mercados/mercados-e-indicadores-viernes-2-de-enero-de-2026-noticia/,neutral
2026-01-05,El Comercio (Perú),"Precio del dólar hoy, lunes 5 de enero: cierre del tipo de cambio en el Perú",neu,-0.024692170321941376,-0.020846886377118512,https://elcomercio.pe/economia/mercados/precio-del-dolar-hoy-en-peru-a-cuanto-esta-el-dolar-este-lunes-5-de-enero-de-2026-tipo-de-cambio-segun-bcrp-tasa-cotizacion-compra-y-venta-segun-bcrp-dolares-a-soles-sbs-ocona-lbposting-noticia/,neutral
2026-01-05,El Comercio (Perú),Panamericana Sur: El Comercio empieza a denunciar a los invasores de las bermas ante la Sutran,neu,-0.017825089395046234,-0.013880329009206882,https://elcomercio.pe/lima/panamericana-sur-el-comercio-empieza-a-denunciar-a-los-invasores-de-las-bermas-ante-la-sutran-berma-de-la-panamericana-sur-sutran-bermas-auxiliares-mapfre-noticia/,neutral
2026-01-05,El Comercio (Perú),Reciclaje ‘castillista’: Mas de 20 exministros del regimen de Pedro Castillo postulan en las elecciones 2026,neu,-0.01760513335466385,-0.014785882316233234,https://elcomercio.pe/politica/partidos/reciclaje-castillista-mas-de-20-exministros-del-regimen-de-pedro-castillo-postulan-en-las-elecciones-2026-noticia/,neutral
2026-01-05,Gestión (Perú),"¿Qué pasó en GESTIÓN un día como hoy, 2 de enero?",neu,-0.013766653835773468,-0.010948162840141773,https://gestion.pe/tendencias/que-paso-en-gestion-un-dia-como-hoy-2-de-enero-2026-noticia/,neutral
2026-01-05,El Comercio (Perú),"Maduro y su esposa, Cilia Flores, se declaran no culpables de todos los cargos en un tribunal de Nueva York",neu,-0.013084709644317627,-0.00975119562909299,https://elcomercio.pe/mundo/venezuela/nicolas-maduro-y-su-esposa-cilia-flores-se-declaran-no-culpables-de-todos-los-cargos-en-un-tribunal-de-nueva-york-estados-unidos-donald-trump-ultimas-noticia/,neutral
2026-01-05,Gestión (Perú),Cambios en Gestión: Víctor Melgarejo asume dirección periodística interina del medio,neu,-0.010849080979824066,-0.009186704629768006,https://gestion.pe/economia/empresas/cambios-en-la-direccion-periodistica-noticia/,neutral
2026-01-05,Gestión (Perú),"Desde enero, más de 4,600 trabajadores de Educación tramitan su jubilación: pasos y requisitos",neu,-0.0061090439558029175,-0.004948508774845095,https://gestion.pe/peru/desde-enero-mas-de-4600-trabajadores-de-educacion-tramitan-su-jubilacion-pasos-y-requisitos-noticia/,neutral
2026-01-05,El Comercio (Perú),Minedu publica aumentos salariales para docentes: ¿cuánto ganarán según su nueva escala?,neu,0.009946033358573914,0.007916126076517926,https://elcomercio.pe/respuestas/cuanto/minedu-publica-aumentos-salariales-para-docentes-cuanto-ganaran-segun-su-nueva-escala-tdpe-noticia/,neutral
2026-01-05,Gestión (Perú),EE.UU. y Venezuela: las principales disputas antes de la captura de Maduro,neu,0.010715216398239136,0.007395523255596004,https://gestion.pe/mundo/internacional/eeuu-y-venezuela-las-principales-disputas-antes-de-la-captura-de-maduro-noticia/,neutral
2026-01-05,El Comercio (Perú),¿A dónde va la inversión pública?,neu,0.011730656027793884,0.007337738875955679,https://elcomercio.pe/economia/opinion/adonde-va-la-inversion-publica-milton-von-hesse-noticia/,neutral
2026-01-05,El Comercio (Perú),"Petro- Perú: Reestructuración estaría encaminada en junio para que el próximo gobierno no dé marcha atrás, ¿qué otras medidas se tomará?",neu,0.023171283304691315,0.018559703465392374,https://elcomercio.pe/economia/la-privatizacion-de-petro-peru-se-definiria-en-junio-de-2026-para-que-el-proximo-gobierno-no-de-marcha-atras-que-otras-medidas-se-tomara-noticia/,neutral
2026-01-05,Gestión (Perú),Elecciones 2026: 22 fórmulas presidenciales quedan oficialmente inscritas,neu,0.03776785358786583,0.03218811169633318,https://gestion.pe/peru/politica/elecciones-2026-22-formulas-presidenciales-quedan-oficialmente-inscritas-noticia/,neutral
2026-01-05,El Comercio (Perú),Tensión y gestos reveladores: así captaron a Nicolás Maduro y Cilia Flores en su primer cara a cara con la justicia de EE.UU.,neu,0.03828109800815582,0.024044087571307493,https://elcomercio.pe/mag/usa/local-us/tension-y-gestos-reveladores-asi-captaron-a-nicolas-maduro-y-cilia-flores-en-su-primer-cara-a-cara-con-la-justicia-de-eeuu-nnda-nnrt-noticia/,neutral
2026-01-05,El Comercio (Perú),Exejecutivo de Chevron busca 1.700 millones de euros para negocio petrolero en Venezuela,neu,0.03886261582374573,0.028816130070854484,https://elcomercio.pe/economia/mundo/exejecutivo-de-chevron-busca-1700-millones-de-euros-para-negocio-petrolero-en-venezuela-l-chevron-l-ultimas-noticia/,neutral
2026-01-05,Gestión (Perú),BYD pasa a liderar mercado de autos eléctricos tras caída de ventas de Tesla en 2025,neu,0.04144527018070221,0.02658613276793176,https://gestion.pe/mundo/internacional/caen-ventas-de-tesla-en-2025-y-la-china-byd-lidera-mercado-de-autos-electricos-noticia/,neutral
2026-01-05,El Comercio (Perú),"Horóscopo de HOY, lunes 5 de enero del 2026: revisa las predicciones y lo que te deparan las estrellas en el trabajo, amor y negocio",neu,0.04208312928676605,0.03451099262456481,https://elcomercio.pe/luces/vida-social/horoscopo-de-hoy-en-vivo-y-predicciones-gratis-lunes-5-de-enero-2026-segun-tu-signo-zodiacal-aries-tauro-geminis-cancer-leo-virgo-libra-escorpio-sagitario-capricornio-acuario-piscis-lbposting-noticia/,neutral
2026-01-05,El Comercio (Perú),Estos trabajadores del sector público en el Perú cobran sus sueldos este 21 de enero vía Banco de la Nación,neu,0.05108986794948578,0.04198727319247553,https://elcomercio.pe/respuestas/tramites/quienes-son-los-trabajadores-del-sector-publico-en-el-peru-que-cobran-sus-sueldos-este-21-de-enero-via-banco-de-la-nacion-tdpe-noticia/,neutral
2026-01-05,Gestión (Perú),Estados Unidos:Maduro será juzgado en su país y que no habrá más ataques en Venezuela,neu,0.052200764417648315,0.036141872871862546,https://gestion.pe/mundo/internacional/estados-unidosmaduro-sera-juzgado-en-su-pais-y-que-no-habra-mas-ataques-en-venezuela-noticia/,neutral
2026-01-05,El Comercio (Perú),"¿Alguien ganó el Powerball hoy, lunes 05 de enero de 2026? Resultados oficiales, números ganadores y premio del sorteo de la lotería en EEUU",neu,0.05831938609480858,0.051679811035177936,https://elcomercio.pe/mag/usa/loterias/alguien-gano-el-powerball-hoy-05-de-enero-2026-resultados-numeros-ganadores-y-premio-del-sorteo-en-eeuu-nnda-nnrt-noticia/,neutral
2026-01-05,CNBC – Economy,Hassett says Fed independence is ‘really important’ and chair candidates shouldn’t be disqualified for being Trump’s friend,neu,0.05906716734170914,0.05223266969524287,https://www.cnbc.com/2025/12/16/fed-chief-candidate-hassett-says-central-banks-independence-is-really-important-would-move-rates-by-consensus.html,neutral
2026-01-05,El Comercio (Perú),Agroexportaciones en Perú: Más de 1.5 millones de nuevos empleos en 2026,neu,0.06595481187105179,0.049125842750579185,https://elcomercio.pe/ecdata/mef-jose-jeri-agroexportaciones-impulsan-el-empleo-en-peru-el-numero-de-trabajadores-llegaria-a-un-maximo-historico-en-2026-ano-nuevo-fin-de-ano-2026-noticia/,neutral
2026-01-05,Gestión (Perú),"¿A qué hora juega y qué canal transmite FC Barcelona vs. Espanyol hoy 03 de enero por LaLiga 2026 en USA, España y México?",neu,0.07357538864016533,0.0619713217684541,https://gestion.pe/mix/sports/a-que-hora-juega-y-que-canal-transmite-fc-barcelona-vs-espanyol-en-vivo-hoy-03-de-enero-por-laliga-2026-en-usa-espana-y-mexico-nnda-nnrt-noticia/,neutral
2026-01-05,El Comercio (Perú),"Resultados del Powerball en Puerto Rico hoy, 05 de enero 2026: números ganadores de la lotería",neu,0.07573135569691658,0.06546460554657729,https://elcomercio.pe/mag/usa/loterias/resultados-del-powerball-en-puerto-rico-hoy-numeros-ganadores-del-05-de-enero-2026-nnda-nnrt-noticia/,neutral
2026-01-05,El Comercio (Perú),Con Cáceres a Inglaterra y Noriega a Brasil por casi US$2 millones: Las mejores ventas de Perú en 2025 y cuál es el objetivo para este año en la Liga 1,neu,0.08541441708803177,0.06639292679348197,https://elcomercio.pe/deporte-total/seleccion-peruana-con-jefferson-caceres-a-inglaterra-y-erick-noriega-a-brasil-por-casi-us2-millones-las-mejores-ventas-de-peru-en-2025-y-cual-es-el-objetivo-para-este-ano-en-la-liga-1-tlcnota-noticia/,neutral
2026-01-05,El Comercio (Perú),"Resultados del Powerball en Florida hoy, 05 de enero 2026: números ganadores de la lotería",neu,0.08984606713056564,0.076664463363183,https://elcomercio.pe/mag/usa/loterias/resultados-del-powerball-en-florida-hoy-numeros-ganadores-del-05-de-enero-2026-nnda-nnrt-noticia/,neutral
2026-01-05,Gestión (Perú),"¿A qué hora pelean y por qué canales transmiten, Amanda Serrano vs. Reina Téllez EN VIVO hoy por boxeo en Puerto Rico? Horarios y canales para ver boxeo",neu,0.09256917983293533,0.07664917426104534,https://gestion.pe/mix/sports/a-que-hora-inicia-y-en-que-canal-transmiten-pelea-amanda-serrano-vs-reina-tellez-en-vivo-hoy-por-boxeo-en-puerto-rico-horarios-y-canales-para-ver-boxeo-tv-en-usa-mexico-y-espana-nnda-nnrt-noticia/,neutral
2026-01-05,El Comercio (Perú),¿Por qué 2026 es el año de la empresa agéntica?,neu,0.09668153524398804,0.05834969309435678,https://elcomercio.pe/economia/dia-1/por-que-2026-es-el-ano-de-la-empresa-agentica-por-alberto-indacochea-salesforce-peru-opinion-noticia/,neutral
2026-01-05,Gestión (Perú),Reggiardo: Tren Lima–Chosica podría entrar en operación en el primer semestre de 2026,neu,0.09744813293218613,0.0739777122077796,https://gestion.pe/peru/reggiardo-tren-limachosica-podria-entrar-en-operacion-en-el-primer-semestre-de-2026-noticia/,neutral
2026-01-05,Gestión (Perú),"Rodríguez Pastor, Brescia o Romero: ¿Cuál es la familia más rica del Perú?",neu,0.10376577824354172,0.07225737784741293,https://gestion.pe/economia/empresas/fortunas-record-en-peru-las-17-familias-mas-ricas-suben-23-gracias-al-oro-fusiones-y-dolar-noticia/,neutral
2026-01-05,El Comercio (Perú),"Elecciones Perú 2026: conoce a los candidatos presidenciales, según sus hojas de vida | El Comercio Perú",neu,0.10931125655770302,0.09049657974009717,https://elcomercio.pe/politica/elecciones-peru-2026-candidatos-presidenciales-hojas-de-vida-especdis-noticia/,neutral
2026-01-05,El Comercio (Perú),"Presidente de proEXPLO, congreso de exploración minera más grande del mundo: “La inversión en exploración en el Perú aumentará el 2026”",neu,0.11095414310693741,0.07340195644858305,https://elcomercio.pe/economia/presidente-de-proexplo-congreso-de-exploracion-minera-mas-grande-del-mundo-la-inversion-en-exploracion-en-el-peru-aumentara-el-2026-noticia/,neutral
2026-01-05,El Comercio (Perú),La otra contienda que se avecina: casi 150 agrupaciones en carrera para las elecciones regionales y municipales,neu,0.11878066509962082,0.09116005923144943,https://elcomercio.pe/politica/elecciones/casi-150-agrupaciones-en-carrera-para-las-elecciones-regionales-y-municipales-erm-2026-4-de-octubre-elecciones-regionales-y-municipales-tlcnota-noticia/,neutral
2026-01-05,Gestión (Perú),Minedu activará matrícula digital en más de 2 mil colegios públicos: a quiénes va y cuándo inicia,neu,0.12441102415323257,0.0936760311771545,https://gestion.pe/peru/minedu-activara-matricula-digital-en-mas-de-2-mil-colegios-publicos-a-quienes-va-y-cuando-inicia-noticia/,neutral
2026-01-05,El Comercio (Perú),EE.UU. está “haciendo preparativos” para la posible reapertura de su embajada en Caracas,neu,0.12479391321539879,0.09878108076409586,https://elcomercio.pe/mundo/eeuu/estados-unidos-esta-haciendo-preparativos-para-la-posible-reapertura-de-su-embajada-en-caracas-venezuela-nicolas-maduro-donald-trump-ultimas-noticia/,neutral
2026-01-05,El Comercio (Perú),Cambios en el Minem: Los reacomodos que están reconfigurando el sector en medio de la discusión sobre el Reinfo,neu,0.1260708123445511,0.08166304000315616,https://elcomercio.pe/politica/cambios-y-pugnas-en-el-minem-los-reacomodos-que-estan-reconfigurando-el-sector-en-medio-de-la-discusion-sobre-el-reinfo-tlc-nota-noticia/,neutral
2026-01-05,El Comercio (Perú),Youtube le gana a Netflix: plataforma supera al gigante del streaming como la más vista en televisores,neu,0.13295140862464905,0.07908191422039046,https://elcomercio.pe/economia/youtube-le-gana-a-netflix-plataforma-supera-al-gigante-del-streaming-como-la-mas-vista-en-televisores-l-ultimas-noticia/,neutral
2026-01-05,Gestión (Perú),Mega Millions del 02/01/2026: números ganadores y resultados del jackpot de $157 millones en EE.UU.,neu,0.138703353703022,0.10182169985464196,https://gestion.pe/mix/loterias/mega-millions-hoy-02012026-numeros-ganadores-en-vivo-y-resultados-del-jackpot-de-157-millones-en-eeuu-nnda-nnrt-noticia/,neutral
2026-01-05,El Comercio (Perú),Ley Agraria: Empresas de la industria alimentaria tendrían una tasa del impuesto a la renta del 15% con propuesta del Ejecutivo,neu,0.1398588940501213,0.0908499991463505,https://elcomercio.pe/economia/peru/ley-agraria-empresas-de-la-industria-alimentaria-tendrian-una-tasa-del-impuesto-a-la-renta-del-15-con-propuesta-del-ejecutivo-noticia/,neutral
2026-01-05,El Comercio (Perú),"Casas de campo: el crecimiento de la nueva oferta va hacia el sur de Lima, ¿cuáles son los costos y las tendencias en estadías?",neu,0.14384519681334496,0.10739289940828622,https://elcomercio.pe/economia/dia-1/casas-de-campo-el-crecimiento-de-la-nueva-oferta-va-hacia-el-sur-de-lima-cuales-son-los-costos-y-las-tendencias-de-estadias-noticia/,neutral
2026-01-05,Gestión (Perú),DGO y DIRECTV EN VIVO — dónde ver partido FC Barcelona vs. Espanyol EN DIRECTO por Fútbol TV y Online,neu,0.15080973505973816,0.11431581312539407,https://gestion.pe/mix/sports/dgo-y-directv-en-vivo-donde-ver-partido-fc-barcelona-vs-espanyol-en-directo-por-futbol-tv-y-online-nnda-nnrt-noticia/,up
2026-01-05,Gestión (Perú),Nicolás Maduro fue capturado: todos los detalles EN VIVO,neu,0.1590626761317253,0.10579192828659911,https://gestion.pe/mundo/internacional/nicolas-maduro-fue-capturado-todos-los-detalles-en-vivo-noticia/,up
2026-01-05,El Comercio (Perú),Powerball EN VIVO del lunes 5 de enero de 2026: cómo jugar por el jackpot de 86 millones de dólares,neu,0.16347029991447926,0.1302198147342708,https://elcomercio.pe/respuestas/usa/powerball-en-vivo-hoy-del-lunes-5-de-enero-de-2026-resultados-del-sorteo-online-winning-numbers-mega-millions-cash-value-double-play-washington-eeuu-usa-lbposting-noticia/,up
2026-01-05,Gestión (Perú),Gobierno aprueba cambios a la ley del Servicio Militar: Los detalles,neu,0.17854025214910507,0.1271089663743532,https://gestion.pe/peru/gobierno-aprueba-cambios-a-la-ley-del-servicio-militar-los-detalles-noticia/,up
2026-01-05,El Comercio (Perú),Proinversión presentará en 60 días plan de acción para reorganizar Petro-Perú,neu,0.18821565061807632,0.13115454263824589,https://elcomercio.pe/economia/peru/proinversion-presentara-en-60-dias-plan-de-accion-para-reorganizar-petro-peru-l-ultimas-noticia/,up
2026-01-05,El Comercio (Perú),Presidente de Groenlandia llama a evitar “pánico” y se abre a una mayor relación con Estados Unidos,neu,0.18822600692510605,0.12360648456115042,https://elcomercio.pe/mundo/norteamerica/groenlandia-presidente-jens-frederik-nielsen-llama-a-evitar-panico-y-se-abre-a-una-mayor-relacion-con-estados-unidos-donald-trump-ultimas-noticia/,up
2026-01-05,El Comercio (Perú),"Números ganadores del Powerball, 05 de enero de 2026: mira los resultados del sorteo jackpot de la lotería con premio mayor de $86 millones",neu,0.19922820292413235,0.15253009101363768,https://elcomercio.pe/mag/usa/loterias/numeros-ganadores-del-powerball-mira-los-resultados-del-sorteo-jackpot-del-05-de-enero-2026-con-premio-mayor-de-86-millones-nnda-nnrt-noticia/,up
2026-01-05,Gestión (Perú),"Amanda Serrano vs. Reina Téllez EN VIVO GRATIS: a qué hora, canal TV y cómo ver EN DIRECTO pelea de boxeo en USA y México",neu,0.21976599842309952,0.15696344306935872,https://gestion.pe/mix/sports/amanda-serrano-vs-reina-tellez-en-vivo-gratis-horario-tv-cartelera-y-donde-ver-en-directo-pelea-de-boxeo-en-usa-y-mexico-nnda-nnrt-noticia/,up
2026-01-05,El Comercio (Perú),¿De qué trata el convenio que acaba de firmar el Gobierno Peruano para darle trabajo a jóvenes en centros comerciales?,neu,0.22574445605278015,0.14305604088679402,https://elcomercio.pe/respuestas/tramites/de-que-trata-el-convenio-que-acaba-de-firmar-el-gobierno-peruano-para-darle-trabajo-a-jovenes-en-centros-comerciales-tdpe-noticia/,up
2026-01-05,Gestión (Perú),"Números ganadores, Mega Millions del 02 de enero: resultados y mira si salió el premio mayor de 157 millones de dólares",neu,0.22984765097498894,0.15410548859179896,https://gestion.pe/mix/loterias/numeros-ganadores-mega-millions-en-vivo-hoy-02-de-enero-resultados-y-mira-si-salio-el-premio-mayor-de-157-millones-de-dolares-nnda-nnrt-noticia/,up
2026-01-05,Gestión (Perú),JNJ incorpora a 308 nuevos jueces y fiscales tras concursos públicos meritocráticos,neu,0.2318161055445671,0.15138666612970475,https://gestion.pe/peru/politica/jnj-incorpora-a-308-nuevos-jueces-y-fiscales-tras-concursos-publicos-meritocraticos-noticia/,up
2026-01-05,Gestión (Perú),"Copeinca, Pesquera Diamante y Austral ¿cuántos millones destinarán las pesqueras este año?",neu,0.23291561752557755,0.13579265200176938,https://gestion.pe/economia/empresas/copeinca-pesquera-diamante-y-austral-con-planes-de-inversion-por-mas-de-us-120-millones-noticia/,up
2026-01-05,El Comercio (Perú),"Resultados del Powerball en California hoy, 05 de enero 2026: números ganadores de la lotería",neu,0.23646880127489567,0.17002447473449367,https://elcomercio.pe/mag/usa/loterias/resultados-del-powerball-en-california-hoy-numeros-ganadores-del-05-de-enero-2026-nnda-nnrt-noticia/,up
2026-01-05,El Comercio (Perú),Andino y Mobiliare anuncia acuerdo orientado al desarrollo y gestión de soluciones inmobiliarias integrales,neu,0.23874340951442719,0.15581733738287795,https://elcomercio.pe/economia/peru/andino-y-mobiliare-anuncia-acuerdo-orientado-al-desarrollo-y-gestion-de-soluciones-inmobiliarias-integrales-l-ultimas-noticia/,up
2026-01-05,El Comercio (Perú),"Samsung tiene una nueva batería que mejora la autonomía, pero aún no la verás en smartphones",neu,0.2843667268753052,0.18198432799071895,https://elcomercio.pe/tecnologia/actualidad/samsung-tiene-una-nueva-bateria-que-mejora-la-autonomia-pero-aun-no-la-veras-en-smartphones-noticia/,up
2026-01-05,Gestión (Perú),Plata y oro: Tier One reactiva Curibaya en Perú para perforación 2026,neu,0.29089344665408134,0.18334730898968754,https://gestion.pe/economia/empresas/tier-one-reactiva-curibaya-en-peru-perforacion-en-2026-y-plan-de-expansion-regional-noticia/,up
2026-01-05,Gestión (Perú),Adiós al copyright: los personajes que regresan al dominio público este 2026,neu,0.30749906599521637,0.18670279224027642,https://gestion.pe/tendencias/adios-al-copyright-los-persona-es-que-regresan-al-dominio-publico-este-2026-noticia/,up
2026-01-05,El Comercio (Perú),Balance y perspectivas en el sector aerocomercial,neu,0.31276915967464447,0.17612575127666652,https://elcomercio.pe/economia/opinion/balance-y-perspectivas-en-el-sector-aerocomercial-por-martin-la-rosa-balance-sector-aerocomercial-aeropuerto-peru-martin-la-rosa-opinion-noticia/,up
2026-01-05,Gestión (Perú),Inicio de año impulsa demanda de mochilas y accesorios: qué incluir si vas de viaje,neu,0.3177371099591255,0.1980515492365189,https://gestion.pe/tendencias/inicio-de-ano-impulsa-la-demanda-de-mochilas-y-accesorios-que-incluir-si-vas-de-viaje-noticia/,up
2026-01-05,Gestión (Perú),SKY Sports EN VIVO por Internet — cómo mirar partido FC Barcelona vs. Espanyol GRATIS por Fútbol TV y Online en México,neu,0.3185090944170952,0.19098548143666516,https://gestion.pe/mix/sports/sky-sports-en-vivo-por-internet-como-mirar-partido-fc-barcelona-vs-espanyol-gratis-por-futbol-tv-y-online-en-mexico-nnda-nnrt-noticia/,up
2026-01-05,El Comercio (Perú),"Tu salud de 2026 se cocina en lo cotidiano, no en los retos de 21 días",neu,0.3246418312191963,0.1928047722915469,https://elcomercio.pe/somos/firmas/bienestar-tu-salud-de-2026-se-cocina-en-lo-cotidiano-no-en-los-retos-de-21-dias-estilo-de-vida-saludable-maca-wellness-noticia/,up
2026-01-05,El Comercio (Perú),"Año de decisiones: Cuando el ruido crece, el sentido importa más",neu,0.33969981223344803,0.17979850570808908,https://elcomercio.pe/economia/opinion/ano-de-decisiones-cuando-el-ruido-crece-el-sentido-importa-mas-noticia/,up
2026-01-05,Gestión (Perú),"Inversión privada por US$ 11,500 millones: proyectos y sectores claves en este 2026",neu,0.34142346680164337,0.18664414175924104,https://gestion.pe/economia/empresas/inversion-de-empresas-creceria-por-tercer-ano-en-2026-con-impulso-de-mineria-noticia/,up
2026-01-05,Gestión (Perú),Andino y Mobiliare sellan alianza para desarrollar proyectos inmobiliarios logísticos en el Callao,neu,0.34209128469228745,0.17975392195330064,https://gestion.pe/economia/empresas/mobiliare-compra-el-38-de-oporsa-para-desarrollar-mas-de-50-hectareas-de-terrenos-logisticos-entre-el-aeropuerto-jorge-chavez-y-los-puertos-del-callao-y-chancay-noticia/,up
2026-01-05,Gestión (Perú),Estadounidense Concentrix prepara una inversión para que Perú sea su hub de exportaciones,neu,0.34810347110033035,0.1830814776966525,https://gestion.pe/economia/empresas/concentrix-prepara-una-inversion-superior-a-us-4-millones-para-2026-estas-son-sus-metas-noticia/,up
2026-01-05,El Comercio (Perú),"Así fue el reencuentro de Vargas y Aránguiz en la U de Chile, rival de la ‘U’ en la Noche Crema | VIDEO",neu,0.3611028827726841,0.19681769320945786,https://elcomercio.pe/deporte-total/futbol-mundial/universitario-asi-fue-reencuentro-de-eduardo-vargas-y-charles-aranguiz-en-la-u-de-chile-previo-a-noche-crema-video-noticia/,up
2026-01-05,El Comercio (Perú),"H&M, Zara y la guerra de las marcas ‘fast fashion’ en el Perú, ¿qué otras marcas podrían llegar?",neu,0.3662567064166069,0.1846185536857492,https://elcomercio.pe/economia/dia-1/hm-zara-y-las-estrategias-de-las-fast-fashion-en-peru-un-mercado-clave-para-su-expansion-que-otras-marcas-podrian-llegar-noticia/,up
2026-01-05,Gestión (Perú),No solo el cobre bate récords: estrechez de oferta impulsa otro metal clave,pos,0.37438901513814926,0.1721524504214138,https://gestion.pe/mundo/internacional/no-solo-el-cobre-bate-records-estrechez-de-oferta-impulsa-otro-metal-clave-noticia/,up
2026-01-05,El Comercio (Perú),"Messi y Cristiano, el último baile: sus extraordinarios números en 2025 y sus desafíos en 2026 a la altura de sus legendarias carreras",pos,0.3977719694375992,0.1885983996765206,https://elcomercio.pe/deporte-total/futbol-mundial/lionel-messi-y-cristiano-ronaldo-el-ultimo-baile-sus-extraordinarios-numeros-en-2025-y-sus-desafios-en-2026-a-la-altura-de-sus-legendarias-carreras-noticia/,up
2026-01-05,Bloomberg Línea – Noticias del día (Scraping),,neu,0.41204259917140007,0.19956929460931894,https://www.bloomberglinea.com/newsletter/,up
2026-01-05,Gestión (Perú),Powerball HOY 03/01/2026: números ganadores EN VIVO y resultados del jackpot de $64 millones en EE.UU.,neu,0.45709012635052204,0.2369368922753995,https://gestion.pe/mix/loterias/powerball-hoy-03012026-numeros-ganadores-en-vivo-y-resultados-del-jackpot-de-64-millones-en-eeuu-nnda-nnrt-noticia/,up
2026-01-05,Gestión (Perú),Recursos Humanos redefinen el rumbo corporativo: Los puntos que evalúan para las estrategias,pos,0.495334941893816,0.27442469072667275,https://gestion.pe/economia/management-empleo/el-nuevo-poder-de-recursos-humanos-asi-redefinen-las-estrategias-empresariales-noticia/,up
2026-01-05,El Comercio (Perú),"Marilyn Monroe, Winnie Pooh y la revista “Amauta”: ¿Por qué el 2026 es el año de los centenarios más fascinantes de la cultura?",pos,0.5040124617516994,0.2705818716443964,https://elcomercio.pe/eldominical/actualidad/ano-2026-las-efemerides-que-marcaran-el-ambito-de-la-cultura-noticia/,up
2026-01-05,Gestión (Perú),"7 Vidas, la cerveza artesanal que crecerá con franquicias de bares y apunta a Europa",pos,0.5161983761936426,0.2786350162818173,https://gestion.pe/economia/empresas/de-tacna-al-exterior-7-vidas-y-la-expansion-con-taprooms-y-cerveza-rumbo-a-europa-noticia/,up
2026-01-05,Gestión (Perú),Aruma alcanza 25 tiendas en Colombia y consolida su expansión internacional en 2025,pos,0.5355042926967144,0.3035133948176363,https://gestion.pe/economia/empresas/aruma-alcanza-25-tiendas-en-colombia-y-consolida-su-expansion-internacional-en-2025-noticia/,up
2026-01-05,Gestión (Perú),Invertir mejor en 2026: cómo la información digital está redefiniendo las decisiones financieras,pos,0.5526355355978012,0.32654186533853835,https://gestion.pe/gestion-tv/conectando-valor/invertir-mejor-en-2026-como-la-informacion-digital-esta-redefiniendo-las-decisiones-financieras-en-el-peru-noticia/,up
2026-01-05,El Comercio (Perú),Jesús Castillo sobre ser campeón con Alianza Lima este año: “Sería un buen regalo para Paolo” | VIDEO,pos,0.5544992685317993,0.32091513756567736,https://elcomercio.pe/deporte-total/futbol-peruano/alianza-lima-jesus-castillo-sobre-ganar-liga-1-este-2026-seria-un-buen-regalo-para-paolo-guerrero-video-noticia/,up
2026-01-05,El Comercio (Perú),"Bajada de Reyes a la peruana: el día que Melchor, Gaspar y Baltasar llegaron al Parque de las Leyendas| FOTOS",pos,0.6156243942677975,0.3945614631757244,https://elcomercio.pe/archivo-elcomercio/reyes-magos-en-lima-bajada-de-reyes-a-la-peruana-melchor-gaspar-y-baltasar-parque-de-las-leyendas-nacimiento-en-vivo-pascua-nnsp-noticia/,up
2026-01-05,Gestión (Perú),Alessandra Penny y la expansión de su marca tras el boom de los “cuchareables”,pos,0.6691509932279587,0.4616691142387159,https://gestion.pe/economia/empresas/alessandra-penny-y-la-expansion-de-su-marca-tras-el-boom-de-los-cuchareables-noticia/,up
2026-01-05,Gestión (Perú),Esta es la empresa peruana de vehículos eléctricos que se expande en el sector minero,pos,0.6836779657751322,0.48652684199503426,https://gestion.pe/economia/empresas/electromotion-alista-inversion-cercana-a-us-45-millones-para-expandirse-en-2026-a-donde-noticia/,up
2026-01-05,El Comercio (Perú),CES 2026: Samsung apuesta por la IA como eje de su ecosistema,pos,0.7017917968332767,0.5192346213486314,https://elcomercio.pe/tecnologia/gadgets/ces-2026-samsung-apuesta-por-la-ia-como-eje-de-su-ecosistema-noticia/,up
2026-01-05,Gestión (Perú),"¿Qué pasó en GESTIÓN un día como hoy, 3 de enero?",pos,0.7112898975610733,0.5155290051569548,https://gestion.pe/tendencias/que-paso-en-gestion-un-dia-como-hoy-3-de-enero-2026-noticia/,up
2026-01-05,Gestión (Perú),Wall Street arranca 2026 al alza con la IA como motor,pos,0.7169475182890892,0.5322953765295368,https://gestion.pe/mundo/eeuu/wall-street-arranca-2026-al-alza-con-la-ia-como-motor-noticia/,up
2026-01-05,Gestión (Perú),200 frases de ¡Feliz Año Nuevo! para compartir con tus amigos de WhatsApp con actitud positiva,pos,0.7261524293571711,0.5321891686130893,https://gestion.pe/mix/respuestas/200-frases-bonitas-de-feliz-ano-nuevo-2026-para-dedicar-a-tus-amigos-de-whatsapp-con-saludos-positivos-nnda-nnrt-noticia/,up
2026-01-05,Gestión (Perú),"100 frases de Año Nuevo para celebrar la llegada del 2026 en WhatsApp, TikTok e Instagram",pos,0.7505429927259684,0.5722069327244386,https://gestion.pe/mix/respuestas/las-100-mejores-frases-de-ano-nuevo-para-festejar-la-llegada-del-2026-en-whatsapp-tiktok-e-instagram-nnda-nnrt-noticia/,up
2026-01-05,El Comercio (Perú),"“El cine es una promesa que te haces a ti mismo”: Phillip Chu Joy habla de su nuevo reto, hacer cine en el Perú",pos,0.7689381139352918,0.6000515129585731,https://elcomercio.pe/luces/cine/tienes-que-ser-medio-masoquista-para-ser-productor-phillip-chu-joy-habla-de-su-nuevo-reto-hacer-cine-en-el-peru-manana-me-caso-la-tribu-noticia/,up
2026-01-05,Gestión (Perú),"20 imágenes de ¡Feliz Año Nuevo 2026! para WhatsApp: mensajes con frases cortas, bonitas y originales",pos,0.8017339082434773,0.6490115623418706,https://gestion.pe/mix/respuestas/20-imagenes-de-feliz-ano-nuevo-2026-para-whatsapp-mensajes-con-frases-cortas-bonitas-y-originales-imprimir-tarjetas-gratis-31-de-diciembre-nochevieja-nnda-nnrt-noticia/,up
2026-01-05,Gestión (Perú),500 frases cortas de ¡Feliz Año Nuevo 2026! GRATIS para saludar por WhatsApp a tus amigos y familia,pos,0.8073789700865746,0.6575832974126623,https://gestion.pe/mix/respuestas/500-frases-cortas-de-feliz-ano-nuevo-2026-con-tarjetas-bonitas-e-imagenes-creativas-para-la-familia-y-amigos-nochevieja-whatsapp-instagram-nnda-nnrt-noticia/,up
2026-01-05,El Comercio (Perú),"Hoteles tan grandes como ciudades y una Esfera que parece de otro planeta: así es Las Vegas, un oasis de lujo en el desierto",pos,0.8165556835010648,0.6786879911374631,https://elcomercio.pe/somos/viajes/las-vegas-un-oasis-de-lujo-en-el-desierto-hoteles-tan-grandes-como-ciudades-y-una-esfera-que-parece-de-otro-planeta-sphere-turismo-estados-unidos-noticia/,up
2026-01-05,El Comercio (Perú),Sydney Sweeney: “Todas conocemos a mujeres que intentan ser perfectas y sentimos empatía”,pos,0.8174160830676556,0.6774188765533804,https://elcomercio.pe/somos/tendencias/sydney-sweeney-todas-conocemos-a-mujeres-que-intentan-ser-perfectas-y-sentimos-empatia-noticia/,up
2026-01-05,Gestión (Perú),150 frases cortas y saludos bonitos de ¡Feliz Año Nuevo 2026! para celebrar con tus amigos del WhatsApp,pos,0.8179432465694845,0.6741485592291117,https://gestion.pe/mix/tendencias-mix/las-150-mejores-frases-y-saludos-para-enviar-en-ano-nuevo-2026-whatsapp-mensajes-dedicatorias-fin-de-ano-nnda-nnrt-noticia/,up
2026-01-05,El Comercio (Perú),Las 50 mejores frases e imágenes bonitas para decir ¡Feliz Día de Reyes Magos 2026! en WhatsApp este 6 de enero,pos,0.8424456235952675,0.715980080062025,https://elcomercio.pe/mag/respuestas/las-50-mejores-frases-e-imagenes-bonitas-para-decir-feliz-dia-de-reyes-magos-2026-en-whatsapp-este-6-de-enero-nnda-nnrt-noticia/,up
2026-01-05,El Comercio (Perú),"Borde, el renovado espacio en Miraflores donde las pizzas son protagonistas",pos,0.8553412021137774,0.7369293354835883,https://elcomercio.pe/somos/gastronomia/borde-el-renovado-espacio-en-miraflores-donde-las-pizzas-son-protagonistas-noticia/,up
2026-01-05,Gestión (Perú),Socosani: el agua “de lujo” que nació en Perú y hoy se vende en Costco,pos,0.8874335438013077,0.7961595579638505,https://gestion.pe/g-de-gestion/reportaje/socosani-agua-de-lujo-de-latinoamerica-que-nacio-en-peru-y-hoy-se-vende-en-costco-noticia/,up
2026-01-05,El Comercio (Perú),Las 100 mejores frases para felicitar el Día de Reyes Magos 2026 a los niños con imágenes bonitas y tarjetas creativas,pos,0.8993083699606359,0.8138205533349334,https://elcomercio.pe/mag/respuestas/las-100-mejores-frases-para-felicitar-el-dia-de-reyes-magos-2026-a-los-ninos-con-imagenes-bonitas-y-tarjetas-creativas-nnda-nnrt-noticia/,up
